sepal_length,sepal_width,petal_length,petal_width,species
4.8,3.6,1.2,0.2,setosa
5.0,3.0,1.1,0.2,setosa
5.5,2.5,1.1,0.2,setosa
5.5,2.8,1.4,0.2,setosa
5.8,2.8,1.3,0.2,setosa
4.8,3.4,1.9,0.4,setosa
4.2,3.0,1.6,0.3,setosa
5.3,4.1,1.6,0.2,setosa
4.5,2.5,1.1,0.2,setosa
5.6,2.8,1.5,0.1,setosa
4.8,3.4,1.4,0.2,setosa
4.3,3.6,1.4,0.2,setosa
4.6,2.9,1.2,0.1,setosa
4.6,3.0,1.4,0.1,setosa
7.2,3.0,1.0,0.2,setosa
6.2,4.5,1.6,0.5,setosa
4.1,3.2,1.6,0.4,setosa
4.6,4.0,1.3,0.3,setosa
5.3,4.4,1.4,0.3,setosa
4.0,3.8,1.6,0.3,setosa
5.5,3.9,1.8,0.2,setosa
4.9,3.3,1.7,0.5,setosa
5.1,3.8,1.2,0.2,setosa
4.6,3.0,1.8,0.5,setosa
4.0,2.9,2.1,0.2,setosa
4.6,3.5,1.5,0.2,setosa
4.9,4.2,2.0,0.3,setosa
4.6,2.6,1.6,0.2,setosa
4.3,3.5,1.4,0.2,setosa
5.1,3.1,1.5,0.2,setosa
4.9,3.7,1.7,0.2,setosa
4.4,3.0,1.4,0.5,setosa
6.0,4.4,1.5,0.1,setosa
6.2,3.3,1.5,0.2,setosa
4.8,2.4,1.7,0.1,setosa
4.3,2.5,1.3,0.2,setosa
6.8,2.9,1.3,0.2,setosa
4.7,3.2,1.8,0.1,setosa
4.7,3.6,1.4,0.2,setosa
5.6,3.1,1.6,0.2,setosa
5.7,3.8,1.0,0.3,setosa
5.4,1.9,1.5,0.2,setosa
3.9,2.7,1.2,0.2,setosa
5.1,4.2,1.5,0.7,setosa
5.5,3.1,1.5,0.3,setosa
4.6,3.2,1.1,0.4,setosa
4.8,4.2,1.9,0.2,setosa
3.8,3.2,1.4,0.2,setosa
6.0,4.4,1.5,0.2,setosa
5.8,4.1,1.2,0.2,setosa
8.1,3.7,5.9,1.3,versicolor
6.5,2.9,4.1,1.3,versicolor
7.1,3.7,5.8,1.5,versicolor
6.7,2.9,4.9,1.5,versicolor
6.8,3.1,3.7,1.7,versicolor
4.6,2.6,4.4,1.6,versicolor
6.4,3.4,5.6,1.7,versicolor
4.4,2.6,2.9,1.0,versicolor
6.3,2.5,5.4,1.1,versicolor
4.8,3.3,3.3,1.7,versicolor
5.3,2.4,3.5,0.8,versicolor
5.6,2.5,3.9,1.6,versicolor
7.5,2.0,4.0,1.0,versicolor
7.6,2.9,5.7,1.4,versicolor
5.0,3.1,2.9,1.0,versicolor
7.0,2.6,4.4,1.5,versicolor
6.4,2.7,4.1,1.8,versicolor
6.5,2.7,5.0,0.9,versicolor
6.4,2.1,4.8,1.5,versicolor
5.2,2.7,4.1,1.0,versicolor
6.9,2.6,4.2,1.8,versicolor
6.1,3.2,3.1,1.6,versicolor
7.7,2.1,6.1,1.5,versicolor
4.9,2.7,5.2,1.3,versicolor
5.1,2.9,4.0,1.2,versicolor
5.3,2.5,3.7,1.5,versicolor
8.4,2.4,5.3,1.1,versicolor
7.3,3.1,3.9,1.4,versicolor
6.5,2.8,4.9,1.8,versicolor
5.0,2.3,3.0,1.1,versicolor
4.7,3.0,4.3,1.2,versicolor
6.1,2.6,4.2,1.0,versicolor
6.2,2.7,4.8,1.1,versicolor
6.2,3.3,4.0,1.5,versicolor
5.9,2.5,4.5,1.6,versicolor
5.8,2.7,4.2,1.9,versicolor
7.1,2.4,5.7,1.8,versicolor
7.8,2.3,3.7,1.0,versicolor
5.7,2.3,3.4,1.2,versicolor
6.2,2.7,4.0,1.4,versicolor
6.5,3.2,4.9,0.9,versicolor
5.3,3.0,4.6,1.2,versicolor
5.8,2.5,4.8,1.3,versicolor
3.8,2.4,3.1,0.8,versicolor
6.4,2.5,3.8,1.6,versicolor
5.3,3.2,3.9,1.2,versicolor
6.8,2.8,4.5,1.6,versicolor
6.9,3.5,4.5,1.1,versicolor
5.3,1.9,3.0,1.0,versicolor
6.1,2.4,4.4,1.4,versicolor
5.1,3.6,5.4,1.9,virginica
4.7,3.3,5.6,1.5,virginica
8.2,2.3,6.9,2.1,virginica
6.6,3.5,7.0,1.9,virginica
5.3,3.2,5.2,2.3,virginica
8.5,3.3,7.5,1.6,virginica
6.1,2.7,5.2,2.0,virginica
6.0,3.4,7.5,1.8,virginica
5.9,2.1,5.0,1.5,virginica
6.2,3.9,5.9,2.5,virginica
5.2,2.7,4.4,2.0,virginica
7.0,2.0,6.2,1.7,virginica
8.3,3.2,5.0,2.5,virginica
4.3,2.1,5.0,2.2,virginica
4.7,2.8,4.0,1.9,virginica
7.7,2.7,6.1,2.6,virginica
7.5,2.4,5.2,1.9,virginica
8.9,3.4,6.8,2.6,virginica
7.9,2.9,6.4,1.9,virginica
5.2,1.9,4.8,1.7,virginica
6.4,2.9,6.1,2.7,virginica
6.3,3.5,5.2,1.7,virginica
9.4,3.4,7.2,2.0,virginica
6.4,2.2,4.1,1.4,virginica
6.3,3.2,6.4,2.5,virginica
8.2,3.3,6.5,1.9,virginica
7.0,3.2,3.8,2.2,virginica
6.8,3.1,5.0,1.5,virginica
7.6,2.5,4.4,2.4,virginica
7.5,2.8,7.1,1.9,virginica
6.7,2.7,7.1,2.0,virginica
8.9,3.7,7.8,2.3,virginica
6.8,2.3,6.8,2.3,virginica
5.2,2.4,4.0,1.8,virginica
5.2,2.7,5.0,1.3,virginica
9.6,3.4,6.4,2.1,virginica
5.9,4.0,6.5,2.9,virginica
5.5,2.7,6.6,2.1,virginica
6.2,2.4,5.6,1.4,virginica
6.0,2.8,6.6,1.9,virginica
7.6,3.3,5.1,2.1,virginica
7.2,2.9,4.1,2.8,virginica
5.5,3.2,5.4,1.7,virginica
5.8,2.8,6.8,1.9,virginica
6.1,4.0,5.7,3.0,virginica
7.6,2.3,4.9,2.7,virginica
5.4,3.0,4.2,2.2,virginica
7.7,3.0,5.4,1.7,virginica
5.4,3.3,6.1,2.7,virginica
4.7,2.8,5.7,1.5,virginica
4.6,3.1,1.2,0.2,setosa
4.6,3.2,1.2,0.3,setosa
5.6,2.9,1.2,0.2,setosa
5.5,2.2,1.2,0.2,setosa
6.0,3.1,1.1,0.2,setosa
4.5,2.7,1.8,0.5,setosa
3.2,2.8,1.9,0.3,setosa
6.2,3.6,1.8,0.2,setosa
3.8,3.1,1.2,0.2,setosa
6.3,2.3,1.2,0.1,setosa
4.4,3.4,1.2,0.2,setosa
5.4,3.4,1.3,0.2,setosa
4.9,3.6,1.4,0.1,setosa
3.8,3.6,1.0,0.1,setosa
6.6,3.1,1.1,0.1,setosa
6.2,4.7,1.9,0.5,setosa
3.4,3.4,1.9,0.3,setosa
5.4,3.8,1.4,0.3,setosa
4.2,4.3,1.2,0.4,setosa
4.8,3.3,1.7,0.3,setosa
5.5,3.2,2.1,0.1,setosa
5.4,4.1,2.0,0.5,setosa
5.7,3.7,1.5,0.1,setosa
4.2,3.3,1.4,0.5,setosa
3.5,2.2,2.2,0.2,setosa
4.6,4.0,1.7,0.2,setosa
5.7,3.9,1.5,0.3,setosa
3.7,2.1,1.3,0.2,setosa
3.6,4.2,1.1,0.3,setosa
5.2,2.6,1.2,0.2,setosa
4.2,3.0,1.5,0.2,setosa
3.9,2.3,1.5,0.5,setosa
5.3,4.8,1.4,0.1,setosa
5.7,3.4,1.8,0.3,setosa
3.8,2.4,1.6,0.1,setosa
3.8,2.1,1.3,0.2,setosa
8.3,3.1,1.3,0.2,setosa
5.2,2.9,1.7,0.1,setosa
3.8,3.2,1.7,0.2,setosa
4.3,3.2,1.9,0.3,setosa
5.3,3.6,1.3,0.2,setosa
6.6,2.3,1.6,0.2,setosa
4.3,2.5,0.9,0.2,setosa
5.2,3.6,1.5,0.8,setosa
5.1,3.8,1.5,0.3,setosa
4.7,3.4,1.4,0.4,setosa
5.6,5.0,1.7,0.2,setosa
3.5,3.8,1.7,0.2,setosa
6.3,4.8,1.6,0.2,setosa
5.6,4.7,1.5,0.2,setosa
8.0,3.0,6.1,1.2,versicolor
6.1,3.0,3.7,1.5,versicolor
6.0,3.2,7.2,1.3,versicolor
7.3,3.3,5.0,1.3,versicolor
5.2,3.5,4.2,1.8,versicolor
5.6,3.2,4.4,1.9,versicolor
5.6,3.7,6.1,2.0,versicolor
3.9,2.6,2.6,1.0,versicolor
7.6,2.9,5.9,1.1,versicolor
4.1,3.3,2.6,2.0,versicolor
5.5,2.8,3.7,0.7,versicolor
4.5,3.0,4.3,1.3,versicolor
8.5,2.3,4.4,1.3,versicolor
9.1,2.4,6.1,1.8,versicolor
6.2,3.9,3.0,1.2,versicolor
6.4,3.1,4.9,1.5,versicolor
7.2,2.4,3.4,1.4,versicolor
7.5,2.5,4.8,1.1,versicolor
5.8,2.4,4.2,1.2,versicolor
6.1,2.2,3.8,1.3,versicolor
7.8,2.6,3.2,2.0,versicolor
4.9,3.8,3.3,1.4,versicolor
9.1,2.3,5.8,1.7,versicolor
5.7,2.4,5.8,1.5,versicolor
4.1,3.5,4.4,1.4,versicolor
5.8,2.2,4.3,1.4,versicolor
6.6,2.3,4.0,1.1,versicolor
6.5,2.5,4.0,1.6,versicolor
7.3,2.2,4.6,2.2,versicolor
3.7,2.4,2.5,1.0,versicolor
4.9,3.4,3.4,1.3,versicolor
6.1,2.2,5.1,1.2,versicolor
7.5,3.0,5.4,1.0,versicolor
5.9,2.8,3.7,1.7,versicolor
6.6,2.4,4.4,2.0,versicolor
6.4,2.2,5.0,1.5,versicolor
6.2,2.9,4.8,2.0,versicolor
7.6,2.6,3.9,1.1,versicolor
4.7,2.5,3.3,0.9,versicolor
6.5,2.2,4.1,1.3,versicolor
8.0,3.8,4.4,0.9,versicolor
6.4,3.6,3.8,1.0,versicolor
5.8,2.2,3.9,1.1,versicolor
4.5,2.1,3.1,1.0,versicolor
7.6,2.6,4.1,1.6,versicolor
4.3,2.8,3.1,1.1,versicolor
5.7,3.4,5.2,1.2,versicolor
8.0,4.4,4.7,1.2,versicolor
5.1,1.8,3.3,1.1,versicolor
5.1,2.7,3.9,1.6,versicolor
4.9,4.2,6.0,2.2,virginica
3.9,3.7,5.4,1.8,virginica
6.4,2.2,8.0,2.3,virginica
6.7,3.6,6.5,1.8,virginica
6.5,2.9,6.1,2.5,virginica
6.9,2.5,9.3,1.9,virginica
6.1,2.3,5.5,1.8,virginica
4.7,3.9,5.8,1.9,virginica
4.5,2.4,4.3,1.6,virginica
5.9,4.6,6.0,3.0,virginica
6.2,3.0,5.4,1.7,virginica
8.1,1.7,6.8,1.7,virginica
6.8,3.3,4.9,2.6,virginica
4.6,2.4,4.8,2.6,virginica
5.0,2.3,3.0,1.5,virginica
9.3,3.3,5.1,3.2,virginica
8.7,2.3,5.4,2.2,virginica
7.9,4.0,6.5,2.6,virginica
7.9,2.9,6.4,2.1,virginica
4.6,2.1,4.6,1.5,virginica
6.8,2.3,6.5,3.2,virginica
7.3,3.3,5.6,1.6,virginica
8.4,3.8,8.1,1.8,virginica
7.6,2.4,4.6,1.1,virginica
6.8,3.3,5.3,2.5,virginica
8.8,3.1,5.9,1.6,virginica
7.8,3.5,3.3,2.2,virginica
8.4,2.6,5.6,1.2,virginica
9.0,2.7,5.2,2.2,virginica
5.7,2.8,6.6,2.2,virginica
6.2,3.4,6.9,1.5,virginica
9.4,4.3,7.6,2.4,virginica
8.0,2.3,7.2,1.8,virginica
4.0,2.6,4.4,1.6,virginica
5.6,3.0,5.3,1.2,virginica
10.4,2.9,7.7,2.4,virginica
7.3,3.5,6.1,3.6,virginica
4.7,2.8,7.9,2.1,virginica
7.5,2.4,4.7,1.4,virginica
6.0,2.7,5.9,1.5,virginica
6.5,2.7,5.4,1.7,virginica
7.1,2.4,3.7,2.7,virginica
5.9,2.9,5.6,1.7,virginica
7.1,2.2,5.8,2.0,virginica
4.6,4.5,4.7,3.2,virginica
9.2,2.6,4.8,2.5,virginica
4.9,3.7,4.0,2.3,virginica
8.1,2.8,6.0,1.4,virginica
5.7,3.1,5.3,2.8,virginica
4.2,2.2,6.4,1.8,virginica
4.2,3.9,1.3,0.2,setosa
4.3,2.7,1.1,0.3,setosa
4.3,2.7,1.3,0.3,setosa
5.7,2.2,1.0,0.2,setosa
5.4,3.8,1.3,0.2,setosa
4.0,2.3,2.1,0.5,setosa
2.8,2.4,1.8,0.3,setosa
4.7,3.9,1.4,0.2,setosa
4.5,2.4,1.4,0.2,setosa
6.8,2.5,1.1,0.1,setosa
3.5,3.8,1.3,0.2,setosa
6.1,3.3,1.3,0.2,setosa
4.8,4.2,1.3,0.1,setosa
4.7,3.4,0.8,0.1,setosa
7.9,3.0,1.0,0.1,setosa
7.5,4.8,1.7,0.6,setosa
3.0,2.9,1.6,0.4,setosa
4.7,3.3,1.7,0.3,setosa
3.2,5.1,1.1,0.4,setosa
4.0,2.7,1.5,0.3,setosa
6.5,2.5,2.5,0.1,setosa
6.2,3.4,1.8,0.5,setosa
4.3,2.8,1.6,0.1,setosa
3.4,2.8,1.2,0.6,setosa
3.8,1.9,2.5,0.2,setosa
5.5,3.9,1.7,0.2,setosa
5.3,4.4,1.3,0.3,setosa
4.0,2.2,1.5,0.1,setosa
3.8,4.7,1.2,0.3,setosa
4.8,2.1,1.3,0.2,setosa
4.8,3.1,1.4,0.2,setosa
3.7,2.8,1.4,0.5,setosa
5.5,4.3,1.6,0.1,setosa
6.1,3.8,1.5,0.3,setosa
3.7,3.0,1.4,0.2,setosa
4.5,2.3,1.6,0.1,setosa
8.4,2.8,1.2,0.2,setosa
3.9,3.2,2.1,0.1,setosa
3.2,3.2,1.3,0.2,setosa
4.5,3.5,2.1,0.3,setosa
4.3,2.8,1.4,0.3,setosa
6.3,2.8,1.5,0.2,setosa
5.1,2.1,1.0,0.2,setosa
4.4,3.9,1.8,0.7,setosa
4.2,3.3,1.8,0.3,setosa
5.0,3.2,1.6,0.5,setosa
6.3,4.6,1.5,0.2,setosa
4.3,4.4,1.3,0.2,setosa
5.7,4.6,1.8,0.2,setosa
6.8,5.2,1.1,0.2,setosa
9.9,3.1,6.3,1.4,versicolor
6.4,3.4,2.8,1.8,versicolor
7.3,3.7,6.4,1.4,versicolor
9.1,3.7,4.0,1.5,versicolor
4.7,4.1,5.0,2.1,versicolor
5.8,3.2,4.0,2.3,versicolor
5.3,4.4,4.9,2.5,versicolor
4.4,2.3,3.1,0.8,versicolor
5.7,3.6,5.5,0.9,versicolor
4.1,2.5,2.9,1.8,versicolor
6.8,2.9,3.8,0.8,versicolor
3.4,3.5,3.8,1.5,versicolor
10.3,2.4,5.1,1.5,versicolor
9.5,2.8,5.7,1.6,versicolor
5.2,3.6,3.5,1.0,versicolor
7.3,2.9,4.5,1.7,versicolor
8.8,3.0,3.8,1.6,versicolor
5.8,2.7,5.7,1.2,versicolor
4.4,2.4,3.5,0.9,versicolor
6.6,2.6,4.1,1.2,versicolor
9.4,2.6,3.6,1.5,versicolor
4.1,3.5,3.4,1.4,versicolor
11.1,2.1,6.8,1.5,versicolor
6.8,2.1,4.6,1.6,versicolor
4.5,3.0,4.6,1.4,versicolor
5.6,2.0,4.0,1.5,versicolor
6.1,2.9,3.9,1.2,versicolor
5.8,2.8,4.1,1.4,versicolor
6.1,2.0,3.8,2.1,versicolor
3.7,2.2,2.3,0.8,versicolor
5.1,3.2,2.8,1.3,versicolor
4.9,2.7,4.7,1.4,versicolor
6.6,2.3,5.0,0.8,versicolor
5.7,3.0,2.9,1.4,versicolor
6.3,2.4,5.1,2.1,versicolor
7.9,2.1,5.1,1.4,versicolor
7.1,3.0,6.0,2.0,versicolor
6.9,3.2,3.4,1.0,versicolor
5.2,2.7,3.3,0.8,versicolor
8.0,2.6,4.4,1.2,versicolor
6.8,4.2,3.8,0.9,versicolor
4.9,3.6,3.3,1.2,versicolor
6.2,2.7,4.7,1.1,versicolor
4.3,2.4,3.3,0.9,versicolor
6.0,2.5,4.4,1.4,versicolor
5.2,2.4,3.2,1.0,versicolor
5.2,4.1,5.6,1.5,versicolor
6.0,4.3,4.9,1.5,versicolor
4.0,1.6,2.6,1.3,versicolor
6.2,2.5,3.5,1.4,versicolor
5.5,4.7,6.7,2.6,virginica
4.5,3.0,5.8,1.5,virginica
6.0,2.2,9.5,2.4,virginica
7.4,4.3,7.8,1.7,virginica
7.7,3.1,5.4,1.9,virginica
6.8,2.2,8.0,2.1,virginica
5.1,2.1,4.3,2.1,virginica
4.1,3.1,7.0,2.1,virginica
3.8,1.8,3.4,1.7,virginica
4.9,5.4,6.0,3.4,virginica
7.5,3.4,6.2,1.9,virginica
9.8,1.7,5.2,1.4,virginica
5.6,4.0,6.0,2.4,virginica
3.7,2.4,5.7,3.2,virginica
5.6,2.8,2.4,1.6,virginica
8.8,3.4,4.6,3.5,virginica
10.2,2.6,4.5,2.4,virginica
7.8,3.6,7.1,2.9,virginica
9.0,2.7,5.2,2.3,virginica
4.8,2.4,5.2,1.7,virginica
5.1,2.0,6.6,3.1,virginica
6.3,3.5,6.6,1.4,virginica
7.9,3.7,9.2,2.0,virginica
5.8,2.1,3.8,1.2,virginica
6.7,3.7,4.6,2.7,virginica
9.8,3.6,6.1,1.7,virginica
8.7,3.9,3.7,1.8,virginica
6.9,2.3,5.2,1.1,virginica
6.8,3.1,5.2,2.4,virginica
5.1,2.7,5.1,2.1,virginica
7.7,2.9,7.5,1.7,virginica
8.8,3.8,7.2,2.8,virginica
7.2,2.2,6.0,2.2,virginica
4.4,2.7,4.6,2.0,virginica
5.8,2.7,5.9,1.3,virginica
12.1,3.5,8.6,2.1,virginica
8.4,3.7,6.5,2.8,virginica
4.3,2.1,9.2,1.7,virginica
7.3,2.3,4.3,1.6,virginica
4.6,3.0,5.9,1.5,virginica
5.0,2.2,4.3,2.0,virginica
8.4,2.8,3.3,2.5,virginica
7.0,3.3,5.6,1.2,virginica
7.4,1.8,4.9,1.7,virginica
3.8,4.5,4.3,3.3,virginica
8.3,3.1,5.0,2.6,virginica
5.1,3.0,5.0,2.4,virginica
6.3,3.2,7.5,1.2,virginica
7.1,2.5,6.5,2.3,virginica
3.8,2.6,5.2,1.9,virginica
3.9,3.8,1.3,0.2,setosa
3.4,3.4,1.2,0.3,setosa
3.9,2.7,1.1,0.3,setosa
5.7,2.0,1.0,0.3,setosa
4.6,3.7,1.1,0.2,setosa
4.6,2.4,1.7,0.5,setosa
2.8,1.9,2.0,0.2,setosa
5.1,3.5,1.6,0.2,setosa
3.9,2.4,1.6,0.2,setosa
6.4,2.5,1.2,0.1,setosa
3.5,3.2,1.1,0.2,setosa
6.0,3.5,1.4,0.2,setosa
5.4,3.5,1.0,0.1,setosa
3.7,4.1,1.0,0.1,setosa
6.9,3.8,1.1,0.1,setosa
7.6,4.2,1.6,0.7,setosa
2.6,3.0,1.2,0.3,setosa
5.6,3.3,1.7,0.3,setosa
2.4,6.0,1.2,0.4,setosa
4.2,2.1,1.8,0.4,setosa
5.3,2.6,2.1,0.2,setosa
6.6,3.0,1.9,0.4,setosa
5.2,2.9,1.7,0.1,setosa
3.7,2.6,1.1,0.5,setosa
2.9,2.3,3.0,0.2,setosa
6.4,3.9,1.5,0.2,setosa
4.7,4.9,1.4,0.3,setosa
4.6,2.2,1.1,0.2,setosa
3.0,4.1,1.0,0.3,setosa
5.1,1.6,1.0,0.2,setosa
4.2,3.8,1.6,0.1,setosa
4.2,3.4,1.1,0.5,setosa
6.8,3.6,1.7,0.1,setosa
6.9,4.2,1.6,0.3,setosa
3.8,2.6,1.7,0.2,setosa
5.2,2.3,1.3,0.1,setosa
7.6,3.2,1.4,0.2,setosa
4.2,4.0,1.9,0.1,setosa
2.7,3.3,1.0,0.2,setosa
4.3,2.8,1.7,0.2,setosa
3.7,3.2,1.7,0.3,setosa
5.3,3.3,1.4,0.1,setosa
4.1,1.6,0.8,0.2,setosa
4.7,3.4,1.6,0.5,setosa
4.7,3.2,2.0,0.3,setosa
6.1,3.7,1.8,0.5,setosa
6.8,5.1,1.2,0.2,setosa
3.5,3.4,1.1,0.2,setosa
6.6,3.9,1.4,0.2,setosa
8.1,6.0,1.3,0.2,setosa
9.3,2.4,7.4,1.3,versicolor
5.9,2.6,2.9,1.6,versicolor
8.2,4.2,6.6,1.1,versicolor
9.7,3.6,4.0,1.4,versicolor
4.3,3.7,5.7,2.5,versicolor
5.4,3.1,3.2,2.3,versicolor
5.5,5.3,5.7,2.6,versicolor
5.2,2.1,2.8,1.0,versicolor
6.3,3.2,4.6,1.0,versicolor
3.3,2.3,3.0,1.4,versicolor
8.3,2.6,2.8,0.8,versicolor
2.9,3.6,3.9,1.7,versicolor
9.3,2.1,4.3,1.3,versicolor
7.7,3.3,5.3,1.8,versicolor
5.4,3.1,2.8,1.2,versicolor
6.4,2.6,5.4,1.6,versicolor
10.4,2.3,3.2,2.0,versicolor
4.9,2.4,6.7,1.3,versicolor
5.5,2.2,3.9,0.8,versicolor
5.1,2.9,3.8,1.3,versicolor
9.1,2.2,3.0,1.4,versicolor
4.4,3.4,4.0,1.3,versicolor
9.8,2.3,6.0,1.8,versicolor
7.0,1.6,3.6,1.3,versicolor
4.5,2.7,3.5,1.3,versicolor
6.7,2.2,4.5,1.8,versicolor
6.3,3.2,3.1,1.1,versicolor
5.1,3.4,4.7,1.2,versicolor
5.6,2.1,4.1,2.5,versicolor
3.0,2.0,2.1,0.7,versicolor
6.2,2.8,2.9,1.0,versicolor
5.1,2.2,3.9,1.6,versicolor
5.7,2.8,6.3,0.8,versicolor
5.7,3.1,2.3,1.4,versicolor
6.9,2.3,5.5,1.7,versicolor
6.3,1.7,3.9,1.2,versicolor
6.7,2.5,5.4,2.4,versicolor
7.0,2.5,3.1,1.1,versicolor
4.8,3.3,4.1,0.7,versicolor
8.9,2.8,4.4,1.4,versicolor
6.1,3.7,3.3,0.8,versicolor
4.2,3.9,3.4,1.2,versicolor
6.4,3.1,5.8,0.9,versicolor
4.8,2.4,3.7,1.1,versicolor
6.3,2.9,4.4,1.5,versicolor
6.4,2.8,3.3,1.0,versicolor
4.7,4.8,5.2,1.8,versicolor
5.0,3.9,5.4,1.2,versicolor
3.6,1.9,2.9,1.5,versicolor
5.4,3.1,2.8,1.6,versicolor
5.4,3.6,6.2,2.3,virginica
4.8,3.6,5.0,1.4,virginica
5.3,2.1,10.6,2.9,virginica
8.4,3.9,6.2,1.3,virginica
7.7,2.4,6.5,1.6,virginica
7.8,2.1,7.7,2.0,virginica
4.6,2.5,3.6,2.5,virginica
4.8,3.6,6.9,2.5,virginica
3.4,1.6,3.0,2.0,virginica
4.4,4.7,5.0,4.2,virginica
8.1,3.1,5.6,1.6,virginica
9.6,1.4,4.0,1.6,virginica
5.7,3.1,6.8,2.9,virginica
3.9,2.6,7.0,2.7,virginica
7.0,2.7,2.1,1.5,virginica
8.3,3.5,3.8,3.8,virginica
11.8,3.1,5.6,2.2,virginica
7.9,3.8,6.5,2.8,virginica
8.9,2.7,4.4,2.7,virginica
5.8,2.5,5.9,1.8,virginica
5.9,1.7,6.1,2.8,virginica
7.7,3.3,7.5,1.3,virginica
9.8,4.2,11.4,1.6,virginica
7.2,2.6,4.5,0.9,virginica
8.2,4.6,4.3,2.5,virginica
8.1,3.1,6.1,1.5,virginica
10.1,4.7,3.1,1.5,virginica
6.9,2.8,5.3,1.2,virginica
6.0,2.7,4.3,2.7,virginica
3.9,2.9,5.3,1.9,virginica
8.3,3.5,9.0,1.9,virginica
7.6,3.8,5.7,3.4,virginica
8.8,2.1,5.9,2.1,virginica
3.7,2.2,3.5,1.8,virginica
4.8,2.7,5.3,1.4,virginica
14.4,2.6,9.5,1.7,virginica
7.8,3.5,6.2,3.3,virginica
4.0,1.9,10.6,2.0,virginica
7.2,2.8,4.4,1.4,virginica
4.7,2.3,6.3,1.4,virginica
5.1,2.7,5.2,1.7,virginica
8.5,3.3,4.0,3.1,virginica
7.6,3.8,4.9,1.3,virginica
5.6,2.0,5.1,1.3,virginica
3.1,3.5,4.9,2.5,virginica
10.4,2.3,3.9,2.1,virginica
4.9,3.5,5.6,1.9,virginica
5.2,3.7,6.7,1.0,virginica
5.8,2.5,5.0,2.7,virginica
2.9,2.2,5.6,2.2,virginica
3.9,4.5,1.5,0.2,setosa
2.7,3.0,1.2,0.3,setosa
4.3,2.7,0.9,0.2,setosa
5.7,1.8,1.0,0.2,setosa
3.7,3.0,1.1,0.2,setosa
5.6,2.8,2.1,0.4,setosa
2.4,2.0,2.1,0.3,setosa
4.9,2.8,1.7,0.1,setosa
3.7,2.0,1.3,0.2,setosa
6.2,2.9,1.2,0.1,setosa
3.0,3.0,1.1,0.2,setosa
5.5,4.2,1.3,0.2,setosa
5.8,3.2,0.9,0.1,setosa
4.3,3.7,0.8,0.2,setosa
6.3,3.6,0.9,0.1,setosa
6.3,3.8,1.8,0.6,setosa
2.7,3.5,1.1,0.3,setosa
4.4,3.1,2.0,0.3,setosa
2.8,4.9,1.4,0.3,setosa
5.3,2.6,2.0,0.3,setosa
5.4,3.0,2.0,0.1,setosa
8.0,2.3,1.6,0.4,setosa
3.9,2.9,1.4,0.1,setosa
4.2,2.1,1.0,0.6,setosa
2.7,2.3,2.6,0.1,setosa
6.8,4.3,1.7,0.2,setosa
4.9,5.7,1.7,0.3,setosa
4.6,2.1,1.2,0.1,setosa
2.4,3.5,1.2,0.3,setosa
6.0,1.9,0.9,0.2,setosa
4.8,4.2,1.9,0.1,setosa
5.2,2.7,0.9,0.4,setosa
5.3,4.4,2.1,0.1,setosa
5.5,3.4,1.9,0.2,setosa
3.4,3.2,1.6,0.1,setosa
5.9,2.2,1.1,0.1,setosa
8.7,3.4,1.6,0.1,setosa
3.3,3.0,1.8,0.1,setosa
3.1,3.1,1.2,0.2,setosa
4.3,2.5,1.6,0.2,setosa
3.7,3.1,1.5,0.3,setosa
5.9,2.5,1.4,0.1,setosa
3.4,1.7,0.8,0.3,setosa
4.6,3.8,1.3,0.4,setosa
3.8,2.8,2.0,0.4,setosa
4.9,3.7,2.1,0.5,setosa
6.4,4.5,1.3,0.1,setosa
2.7,4.0,1.4,0.2,setosa
7.7,3.3,1.2,0.1,setosa
9.5,5.7,1.6,0.2,setosa
9.6,2.9,6.9,1.2,versicolor
5.6,2.1,2.8,1.9,versicolor
9.6,4.7,6.8,1.0,versicolor
11.0,3.9,3.2,1.3,versicolor
4.8,4.5,6.3,3.1,versicolor
6.4,2.5,3.4,2.2,versicolor
6.6,6.1,4.6,2.4,versicolor
5.8,2.2,2.8,1.1,versicolor
6.8,3.6,3.9,0.7,versicolor
2.8,2.1,3.3,1.6,versicolor
7.9,2.4,3.5,0.9,versicolor
3.7,3.5,3.7,1.3,versicolor
9.0,1.8,4.5,1.1,versicolor
7.5,3.2,5.2,2.3,versicolor
6.1,2.5,2.8,1.4,versicolor
6.0,3.1,5.7,1.5,versicolor
12.0,2.1,2.9,1.8,versicolor
4.7,2.5,7.5,1.5,versicolor
6.1,2.0,3.1,0.9,versicolor
6.3,2.6,3.3,1.3,versicolor
8.6,2.6,2.3,1.7,versicolor
3.6,3.4,4.0,1.0,versicolor
8.5,2.5,4.9,1.4,versicolor
6.1,1.3,3.5,1.4,versicolor
3.5,3.1,4.2,1.3,versicolor
5.1,1.9,5.7,1.9,versicolor
6.1,3.3,3.1,1.1,versicolor
5.4,2.9,4.2,1.1,versicolor
7.0,2.4,3.4,2.3,versicolor
2.9,2.3,2.5,0.8,versicolor
5.1,3.0,3.6,0.9,versicolor
5.4,2.4,3.8,1.9,versicolor
5.0,2.9,7.4,0.7,versicolor
5.9,3.4,2.7,1.1,versicolor
6.5,2.6,5.2,1.9,versicolor
6.8,1.4,4.8,0.9,versicolor
6.8,2.8,5.0,2.1,versicolor
5.4,2.0,3.5,1.3,versicolor
5.3,3.0,3.4,0.7,versicolor
7.3,2.5,3.8,1.0,versicolor
5.2,4.3,3.3,1.0,versicolor
4.4,4.0,2.6,1.1,versicolor
7.2,3.3,7.0,0.8,versicolor
4.9,1.9,4.5,1.3,versicolor
7.4,2.3,4.0,1.4,versicolor
5.5,2.7,3.8,1.0,versicolor
3.9,3.7,4.3,1.7,versicolor
5.4,4.8,6.3,1.6,versicolor
3.8,1.9,2.4,1.4,versicolor
6.1,3.3,3.1,1.5,versicolor
6.2,3.6,5.2,2.0,virginica
4.9,3.8,3.8,1.5,virginica
4.2,1.9,9.4,2.5,virginica
10.2,3.9,6.0,1.2,virginica
8.6,2.5,6.4,1.3,virginica
7.7,2.4,6.1,2.0,virginica
3.5,2.8,3.0,3.0,virginica
4.5,3.4,6.2,2.9,virginica
4.1,1.2,3.0,2.4,virginica
4.4,3.9,5.7,4.5,virginica
7.1,2.8,6.3,1.5,virginica
8.8,1.0,4.8,1.9,virginica
4.7,3.5,7.6,3.0,virginica
3.1,2.6,6.8,2.7,virginica
8.3,2.7,2.3,1.6,virginica
8.4,4.3,3.9,4.5,virginica
12.9,3.6,6.6,2.1,virginica
6.7,3.9,6.2,2.6,virginica
10.3,2.8,4.9,2.6,virginica
6.5,2.6,6.1,2.2,virginica
5.3,1.4,6.8,2.5,virginica
6.6,2.9,6.7,1.3,virginica
11.0,3.4,8.8,1.9,virginica
7.7,2.2,3.8,0.8,virginica
6.8,4.4,5.0,2.8,virginica
7.3,3.5,7.2,1.6,virginica
10.1,3.9,2.7,1.2,virginica
8.6,2.8,5.8,1.3,virginica
7.0,2.4,4.1,3.3,virginica
4.1,2.7,4.1,1.8,virginica
8.9,3.5,10.8,2.3,virginica
5.9,4.7,6.8,3.0,virginica
8.9,2.5,7.4,2.0,virginica
3.8,2.3,3.0,1.6,virginica
4.2,3.2,4.2,1.7,virginica
16.9,2.7,9.8,1.9,virginica
7.5,3.0,6.0,3.5,virginica
3.6,1.8,10.9,2.2,virginica
8.6,2.2,3.8,1.7,virginica
4.8,2.3,5.5,1.1,virginica
5.7,2.1,5.1,1.5,virginica
10.6,2.6,4.7,3.6,virginica
8.3,2.9,3.9,1.4,virginica
5.7,2.0,6.2,1.4,virginica
3.2,3.0,4.7,2.5,virginica
8.4,2.4,3.9,1.9,virginica
6.1,3.0,5.7,1.6,virginica
4.3,4.5,8.3,1.0,virginica
6.9,2.6,5.8,2.7,virginica
2.4,2.2,6.2,2.4,virginica
4.5,3.5,1.4,0.2,setosa
2.5,2.5,1.0,0.4,setosa
5.1,3.3,0.9,0.2,setosa
4.7,2.2,1.2,0.2,setosa
3.9,3.1,0.8,0.2,setosa
5.0,2.5,2.6,0.4,setosa
1.9,1.8,2.0,0.2,setosa
3.8,3.1,1.8,0.1,setosa
3.9,1.9,1.1,0.2,setosa
6.3,3.5,1.2,0.1,setosa
2.8,2.5,0.9,0.2,setosa
5.4,3.8,1.5,0.2,setosa
5.7,3.0,0.9,0.1,setosa
3.7,2.9,1.0,0.1,setosa
7.9,2.9,0.9,0.1,setosa
5.5,4.3,1.4,0.6,setosa
2.8,4.2,1.1,0.3,setosa
3.9,3.2,2.2,0.3,setosa
2.6,5.2,1.5,0.3,setosa
5.3,2.3,1.5,0.2,setosa
4.8,2.4,2.2,0.2,setosa
8.8,2.5,1.7,0.4,setosa
4.5,2.3,1.6,0.2,setosa
5.2,1.7,0.9,0.7,setosa
2.1,2.0,2.0,0.1,setosa
8.2,4.6,1.7,0.3,setosa
6.2,4.9,1.6,0.3,setosa
5.4,2.3,1.4,0.2,setosa
2.9,3.1,1.2,0.3,setosa
5.1,2.2,0.9,0.2,setosa
4.2,4.7,2.3,0.1,setosa
5.7,2.4,0.9,0.4,setosa
6.1,5.2,2.5,0.1,setosa
4.8,2.8,2.4,0.2,setosa
3.6,3.6,1.5,0.2,setosa
6.1,1.7,1.0,0.1,setosa
8.0,3.6,1.7,0.2,setosa
3.8,3.4,1.5,0.1,setosa
2.3,3.3,1.4,0.2,setosa
5.3,2.7,1.9,0.3,setosa
3.6,3.8,1.2,0.3,setosa
7.1,2.6,1.6,0.1,setosa
3.0,1.6,0.7,0.3,setosa
4.6,2.9,1.6,0.5,setosa
3.3,2.8,2.3,0.3,setosa
5.6,3.3,2.0,0.4,setosa
5.5,5.5,1.5,0.2,setosa
2.2,4.8,1.3,0.2,setosa
8.8,4.0,1.3,0.1,setosa
8.2,4.3,1.4,0.1,setosa
8.0,2.4,7.7,1.2,versicolor
5.8,2.4,3.1,2.2,versicolor
8.0,5.2,5.2,0.9,versicolor
12.6,3.8,2.5,1.4,versicolor
4.2,5.2,5.1,2.8,versicolor
6.4,1.9,3.3,2.7,versicolor
7.8,4.6,4.0,2.0,versicolor
7.0,2.5,2.4,0.9,versicolor
8.4,3.6,3.4,0.9,versicolor
2.4,2.2,3.9,2.0,versicolor
7.3,2.2,3.6,0.8,versicolor
2.8,3.7,4.1,1.2,versicolor
9.1,1.5,5.2,1.0,versicolor
9.2,2.9,6.0,2.0,versicolor
7.6,2.4,3.2,1.4,versicolor
5.6,2.4,6.0,1.3,versicolor
12.2,2.0,3.4,1.7,versicolor
4.4,3.0,7.3,1.3,versicolor
6.7,2.3,3.2,1.0,versicolor
6.6,2.0,2.9,1.3,versicolor
7.3,1.9,2.4,1.5,versicolor
2.8,3.7,3.2,1.0,versicolor
6.6,2.3,4.6,1.3,versicolor
7.4,1.2,3.8,1.3,versicolor
2.9,3.5,5.1,1.4,versicolor
5.4,1.8,6.3,2.2,versicolor
5.4,2.5,3.5,1.4,versicolor
6.1,2.3,5.0,1.2,versicolor
6.5,1.9,4.2,1.8,versicolor
2.2,2.2,2.5,0.7,versicolor
5.4,3.6,3.5,0.7,versicolor
5.0,2.4,3.2,2.2,versicolor
4.3,3.4,7.0,0.7,versicolor
4.4,2.9,3.4,1.1,versicolor
6.6,2.5,5.4,1.6,versicolor
7.6,1.6,6.0,0.8,versicolor
5.4,3.0,5.5,1.8,versicolor
6.3,2.5,3.1,1.4,versicolor
5.3,3.6,3.2,0.9,versicolor
6.9,2.7,2.9,0.9,versicolor
5.4,4.9,2.6,0.9,versicolor
4.0,3.5,3.0,1.1,versicolor
7.6,3.5,7.3,0.8,versicolor
4.0,2.0,4.8,1.5,versicolor
8.3,2.4,3.7,1.7,versicolor
6.4,2.2,2.9,1.0,versicolor
3.8,4.3,3.2,1.7,versicolor
4.8,5.9,6.7,1.2,versicolor
3.0,1.5,2.6,1.1,versicolor
6.5,3.7,3.5,1.8,versicolor
7.3,3.5,5.4,1.8,virginica
5.5,4.0,3.2,1.2,virginica
4.5,2.0,8.1,2.4,virginica
8.9,4.3,6.3,1.1,virginica
6.6,2.2,7.3,1.4,virginica
6.4,2.8,6.2,2.0,virginica
3.5,2.9,3.1,3.5,virginica
4.4,3.3,7.7,2.6,virginica
3.3,1.2,3.2,2.6,virginica
4.4,4.8,5.5,4.4,virginica
8.4,2.9,4.8,1.6,virginica
7.3,1.0,5.2,1.6,virginica
4.3,3.5,8.5,2.5,virginica
2.5,2.5,5.2,3.2,virginica
9.9,2.7,2.7,2.0,virginica
9.4,3.8,3.2,3.6,virginica
15.3,3.8,8.0,2.5,virginica
6.6,4.5,5.2,2.5,virginica
8.9,3.3,4.7,2.3,virginica
6.0,2.8,5.3,1.8,virginica
5.1,1.7,7.0,2.2,virginica
7.7,3.5,7.6,1.3,virginica
10.2,2.8,10.6,1.6,virginica
7.9,2.5,3.8,0.7,virginica
7.9,4.8,5.2,3.1,virginica
8.3,3.6,7.8,2.0,virginica
12.3,3.9,3.2,1.1,virginica
9.8,3.2,6.6,1.5,virginica
7.8,2.6,3.5,3.6,virginica
4.7,3.2,4.5,2.0,virginica
9.6,4.2,12.6,2.4,virginica
5.1,4.4,8.4,2.9,virginica
10.6,3.0,5.9,2.4,virginica
4.7,2.4,3.4,1.7,virginica
3.2,2.8,3.3,1.5,virginica
15.6,3.3,8.5,1.5,virginica
7.1,2.8,6.8,4.2,virginica
3.3,2.3,10.0,2.2,virginica
7.0,2.0,3.5,1.9,virginica
5.0,2.9,5.8,1.1,virginica
6.2,2.3,5.8,1.4,virginica
9.3,2.6,5.8,3.5,virginica
9.7,2.6,3.1,1.4,virginica
6.1,1.9,7.5,1.6,virginica
3.3,3.4,4.6,2.1,virginica
9.8,2.3,3.8,1.6,virginica
6.6,2.5,5.9,1.7,virginica
5.0,4.3,9.7,1.1,virginica
5.6,2.5,6.3,2.4,virginica
2.8,2.5,6.8,2.1,virginica
4.8,4.1,1.3,0.3,setosa
2.9,2.1,1.2,0.3,setosa
3.8,3.7,0.8,0.2,setosa
4.1,2.0,1.0,0.2,setosa
3.2,3.4,0.7,0.1,setosa
5.3,2.2,3.0,0.5,setosa
1.4,1.4,1.5,0.2,setosa
3.9,3.6,2.2,0.1,setosa
4.7,2.1,1.2,0.1,setosa
6.7,3.9,1.2,0.1,setosa
2.1,3.1,0.9,0.2,setosa
4.1,3.5,1.4,0.2,setosa
5.3,2.6,0.7,0.1,setosa
3.9,3.0,0.9,0.1,setosa
8.1,3.4,0.8,0.1,setosa
5.7,3.4,1.3,0.5,setosa
2.7,3.4,1.4,0.4,setosa
4.8,3.7,2.0,0.3,setosa
3.1,4.8,1.7,0.2,setosa
6.6,2.4,1.8,0.2,setosa
3.8,2.2,2.7,0.2,setosa
7.4,3.1,1.6,0.4,setosa
5.0,2.7,1.4,0.2,setosa
5.3,2.0,1.0,0.8,setosa
2.6,2.1,2.5,0.1,setosa
7.8,4.1,1.4,0.2,setosa
5.0,5.9,1.2,0.3,setosa
4.6,2.1,1.3,0.1,setosa
2.6,3.6,1.0,0.3,setosa
6.2,1.8,1.1,0.2,setosa
4.0,4.9,2.5,0.1,setosa
6.8,2.8,0.9,0.3,setosa
7.3,6.3,3.0,0.1,setosa
4.8,2.4,2.9,0.2,setosa
4.0,3.9,1.3,0.2,setosa
7.6,2.0,1.0,0.1,setosa
8.8,4.2,1.4,0.2,setosa
3.3,3.8,1.8,0.1,setosa
2.4,2.5,1.7,0.2,setosa
4.0,3.0,2.0,0.2,setosa
4.0,3.4,1.2,0.2,setosa
7.3,2.3,1.5,0.1,setosa
3.3,1.8,0.7,0.2,setosa
5.0,2.7,1.7,0.5,setosa
2.9,2.9,2.9,0.4,setosa
6.3,3.3,2.3,0.3,setosa
5.0,4.9,1.7,0.2,setosa
2.3,4.4,1.1,0.2,setosa
6.7,3.5,1.1,0.1,setosa
8.4,4.7,1.6,0.1,setosa
9.7,1.8,8.0,1.0,versicolor
5.7,2.7,3.9,2.1,versicolor
6.9,6.1,4.8,0.9,versicolor
12.9,4.0,2.6,1.2,versicolor
5.1,4.9,4.8,2.4,versicolor
5.7,1.5,3.6,3.2,versicolor
7.1,5.0,3.3,2.1,versicolor
7.0,2.5,3.0,1.0,versicolor
6.9,2.8,2.7,0.9,versicolor
2.4,2.0,4.5,2.0,versicolor
5.7,2.0,3.1,0.9,versicolor
3.5,3.7,4.1,1.0,versicolor
9.4,1.8,4.9,1.1,versicolor
7.6,2.4,5.4,1.5,versicolor
6.9,2.8,3.8,1.6,versicolor
5.2,1.9,7.0,1.2,versicolor
14.1,2.0,2.6,1.8,versicolor
4.0,3.0,7.6,1.4,versicolor
7.9,2.3,2.4,1.0,versicolor
6.6,1.7,2.2,1.3,versicolor
7.2,2.0,1.9,1.2,versicolor
2.7,2.8,3.8,1.1,versicolor
5.3,2.4,5.5,1.2,versicolor
5.8,1.1,3.2,1.4,versicolor
2.9,3.2,4.9,1.1,versicolor
4.1,1.9,7.0,2.3,versicolor
6.4,3.1,4.1,1.2,versicolor
5.9,2.4,4.3,1.2,versicolor
7.4,1.6,5.0,1.5,versicolor
2.0,1.7,2.7,0.7,versicolor
5.0,3.7,3.2,0.5,versicolor
5.0,2.9,3.9,2.0,versicolor
3.3,3.0,5.9,0.7,versicolor
4.1,3.0,2.8,1.0,versicolor
5.9,2.8,4.8,1.3,versicolor
6.7,1.4,5.5,0.9,versicolor
5.9,3.0,6.3,1.6,versicolor
5.4,1.9,2.7,1.7,versicolor
5.1,4.2,3.2,0.9,versicolor
5.9,2.4,2.9,0.9,versicolor
4.1,5.3,2.5,1.1,versicolor
3.9,3.5,3.3,1.3,versicolor
7.7,3.4,5.5,0.8,versicolor
3.5,1.6,3.9,1.4,versicolor
8.3,2.5,3.3,1.7,versicolor
5.4,2.2,2.4,1.2,versicolor
4.1,5.4,3.8,1.9,versicolor
5.9,5.0,6.1,1.2,versicolor
2.4,1.3,2.0,1.1,versicolor
5.5,4.2,3.5,1.6,versicolor
7.3,3.8,5.9,1.6,virginica
5.4,3.8,3.9,1.3,virginica
4.0,1.6,9.7,2.9,virginica
10.0,4.0,6.1,0.9,virginica
6.6,2.0,8.1,1.3,virginica
6.1,2.7,6.4,1.8,virginica
2.7,3.4,2.9,3.6,virginica
4.5,3.9,8.8,2.0,virginica
3.1,1.2,2.8,2.0,virginica
5.3,5.0,5.2,3.4,virginica
9.1,2.7,4.9,1.9,virginica
5.9,1.0,6.0,1.2,virginica
4.9,4.3,7.4,3.0,virginica
2.6,2.4,5.4,3.0,virginica
9.5,3.0,3.2,1.7,virginica
11.2,3.6,3.8,3.6,virginica
11.7,3.8,9.9,1.8,virginica
6.2,3.5,5.5,2.5,virginica
8.3,3.3,4.2,2.5,virginica
7.4,3.3,4.2,1.7,virginica
4.2,1.7,7.4,1.9,virginica
7.7,3.9,7.0,1.5,virginica
9.8,3.1,8.9,1.8,virginica
7.6,2.3,3.5,0.6,virginica
8.1,4.7,4.4,3.4,virginica
7.5,3.8,7.1,2.4,virginica
10.5,3.3,2.4,1.0,virginica
7.4,2.8,6.3,1.2,virginica
6.4,2.1,3.6,4.2,virginica
5.2,3.4,5.3,1.9,virginica
9.9,5.0,11.2,2.7,virginica
5.5,4.0,6.8,3.3,virginica
10.0,2.9,4.8,2.1,virginica
4.1,3.0,4.1,1.4,virginica
4.0,3.0,2.7,1.7,virginica
14.5,3.3,7.3,1.3,virginica
8.5,2.8,7.8,3.3,virginica
2.9,2.4,10.7,1.7,virginica
6.1,1.6,4.1,2.0,virginica
5.2,2.3,4.6,0.8,virginica
6.1,1.8,7.1,1.4,virginica
8.4,3.2,6.0,2.7,virginica
8.5,2.8,3.3,1.7,virginica
7.5,1.7,5.8,1.5,virginica
2.9,4.0,4.2,2.4,virginica
8.8,2.5,4.7,1.7,virginica
7.4,2.4,6.6,2.0,virginica
4.3,4.0,7.5,1.2,virginica
5.1,2.2,6.9,2.6,virginica
2.9,1.9,5.7,2.3,virginica
3.8,4.8,1.5,0.3,setosa
2.3,2.4,1.1,0.2,setosa
3.1,3.3,0.6,0.2,setosa
3.8,1.9,0.9,0.1,setosa
3.2,3.3,0.6,0.1,setosa
6.4,1.6,2.8,0.4,setosa
1.4,1.5,1.4,0.2,setosa